type,label,title,channel,views,likes,comments,rank,url,fetched_at
急上昇動画,総合,Replace to be - VACHSS Music Video,夢追翔のJUKE BOX,569206,66557,2598,1,https://www.youtube.com/watch?v=7qGbqQTn6og,2026-05-09 14:44
急上昇動画,総合,『ヤマトよ永遠に REBEL3199 第六章 碧い迷宮』本予告 / 2026.6.26 上映開始,バンダイナムコフィルムワークス チャンネル,120951,2908,476,2,https://www.youtube.com/watch?v=jS66ve9Gd4g,2026-05-09 14:44
急上昇動画,総合,5980円とは思えないGと戦うレベルのクソゲー【テラフォーマーズ 紅き惑星の激闘】,からすまAチャンネル,150537,4326,568,3,https://www.youtube.com/watch?v=neuBI7GCc8o,2026-05-09 14:44
急上昇動画,総合,かりゆし58 - アンマー / THE FIRST TAKE,THE FIRST TAKE,331828,14812,615,4,https://www.youtube.com/watch?v=OUGCI8DZ12k,2026-05-09 14:44
急上昇動画,総合,【対決】1日かけてポケGOで捕まえたポケモン同士を戦わせたらまさかの結果に！？！！,Lazy Lie Crazy【レイクレ】,113950,2981,155,5,https://www.youtube.com/watch?v=G1w-XgyfbLM,2026-05-09 14:44
急上昇動画,総合,BE:FIRST / Rondo -Behind The Scenes-,BE:FIRST Official,209213,23777,768,6,https://www.youtube.com/watch?v=uS2q1mmyGk8,2026-05-09 14:44
急上昇動画,総合,宇多田さんとテトリスをしました,佐藤 健 / Satoh Takeru,92875,7065,388,7,https://www.youtube.com/watch?v=YcoyPs1Og2Y,2026-05-09 14:44
急上昇動画,総合,ふみの / よくあるはなし -Music Video-,ふみの,157115,14016,623,8,https://www.youtube.com/watch?v=A3M7tjhawoA,2026-05-09 14:44
急上昇動画,総合,助けて！南極で遭難したらバケモノに襲われました！【マイクラ】,ドズル社,128248,5850,176,9,https://www.youtube.com/watch?v=B2Ls1HrcjJI,2026-05-09 14:44
急上昇動画,総合,King & Prince「Stereo Love」-STARRING LIVE ver.-,King & Prince,167701,19332,1253,10,https://www.youtube.com/watch?v=ZICsvkMUjXM,2026-05-09 14:44
急上昇動画,総合,【BIOHAZARD requiem】追加DLC『LEON MUST DIE FOREVER』,あまり驚かないガッチマンはホラーゲームばかりやっている,148256,4181,201,11,https://www.youtube.com/watch?v=fpg4T9vuKNc,2026-05-09 14:44
急上昇動画,総合,『ルージュの伝言｜松任谷由実』 acoustic cover.,優里ちゃんねる【公式】,39346,4024,257,12,https://www.youtube.com/watch?v=7DbiY5492zU,2026-05-09 14:44
急上昇動画,総合,好きな人ができて恋愛がはじまる観察3日目『トモダチコレクションわくわく生活』,ちろぴの,155301,5415,572,13,https://www.youtube.com/watch?v=jPb8lPXmHew,2026-05-09 14:44
急上昇動画,総合,LUNA SEA / FOREVER TEASER,LUNA SEA,23679,2324,122,14,https://www.youtube.com/watch?v=DYi0LBl8P_A,2026-05-09 14:44
急上昇動画,総合,加藤純一のトモダチコレクション わくわく生活ダイジェスト【2026/05/08】,加藤純一ロードショー,315798,4621,715,15,https://www.youtube.com/watch?v=C9Z8ir7Z60g,2026-05-09 14:44
急上昇動画,総合,"HAN ""back to life"" | [Stray Kids : SKZ-PLAYER]",Stray Kids,1269204,340038,30486,16,https://www.youtube.com/watch?v=F0UIsSnotlA,2026-05-09 14:44
急上昇動画,総合,【原神】「Luna Ⅶ」予告番組,原神-Genshin-公式,590293,27461,483,17,https://www.youtube.com/watch?v=BNIomgSPGtU,2026-05-09 14:44
急上昇動画,総合,Motoki Ohmori -「催し」Official MV,大森元貴 / Motoki Ohmori,1779805,76708,5790,18,https://www.youtube.com/watch?v=fR7RPEW6YE0,2026-05-09 14:44
急上昇動画,総合,DFM vs RRQ / NS vs KRX -  mltdwnコーチと見るPlayoffs - VCT Pacific 2026 Stage1 #VCTWatchParty【VALORANT】,Lazvell,185820,958,0,19,https://www.youtube.com/watch?v=c7OYCfxDLY0,2026-05-09 14:44
急上昇動画,総合,【Music Video】Super Delicious / Gateau・Trois,avex,79105,10298,555,20,https://www.youtube.com/watch?v=43_p0Tf5RJ4,2026-05-09 14:44
キーワード検索,エンタメ,いや勝つんかいw　 #おもしろ #エンタメ #ネタ #バズれ #shorts,やっさん2,19137932,158094,560,1,https://www.youtube.com/watch?v=fBQOV3jiST0,2026-05-09 14:44
キーワード検索,エンタメ,無反応挑戦　w#おもしろ＃おもしろ動画＃エンタメ#お笑い#バラエティ#テレビ#バズれ #shorts,ネタ秒,14609558,41788,303,2,https://www.youtube.com/watch?v=9nXbYZL8V9E,2026-05-09 14:44
キーワード検索,エンタメ,クビの真相は？【GOKKO】【ごっこ倶楽部】【企業研究】【エンタメ業界】【IT業界】【映画】【ドラマ】【シネマ】【メイキング】【Making】【新卒】【中途採用】【転職】【社員紹介】【企業PV】,ごっこ倶楽部のウラ垢 - STUDIO GOKKO -,12780639,170596,2436,3,https://www.youtube.com/watch?v=i5TSvrhVH94,2026-05-09 14:44
キーワード検索,エンタメ,狩野英孝のマイクラ実況が面白いwww#エンタメ #マイクラ #狩野英孝,はるえもん,11676824,185196,534,4,https://www.youtube.com/watch?v=21eblauBPy8,2026-05-09 14:44
キーワード検索,エンタメ,ネプリーグ放送事故w #おもしろ #面白い #テレビ #エンタメ #お笑い #芸人 #バズれ #shorts,やっさん2,11437569,131921,1543,5,https://www.youtube.com/watch?v=fGaa5iluMIQ,2026-05-09 14:44
キーワード検索,エンタメ,入れないと蝶野に制裁ビンタされる⁉️ #エンタメ #ガキ使 #ダウンタウン#方正,はるえもん,10515740,97702,500,6,https://www.youtube.com/watch?v=Mr8II4SLhaI,2026-05-09 14:44
キーワード検索,エンタメ,大根だけってどんな味なんだろう？ #面白い #おもしろ #エンタメ #お笑い #お笑い芸人 #テレビ #バズれ #shorts,やっさん2,8886345,87131,512,7,https://www.youtube.com/watch?v=40nqUvs_tfE,2026-05-09 14:44
キーワード検索,エンタメ,【ヤジマリー。&西村マネ】強盗エンターテイメント#神速49秒 #お笑い #マネージャー #コラボ #コント #漫才 #まいにち賞レース #おすすめバラエティ #shorts,動画、はじめてみました【テレビ朝日公式】,8671233,122139,422,8,https://www.youtube.com/watch?v=3OxSSHJdOw8,2026-05-09 14:44
キーワード検索,エンタメ,なんか気まずいなw #面白い #おもしろ #エンタメ #お笑い #芸人 #バズれ #shorts,やっさん2,8478388,54704,230,9,https://www.youtube.com/watch?v=qWJ3sGP9SJ8,2026-05-09 14:44
キーワード検索,エンタメ,【エンタメ革命】予測不能ナルシズム！！第一回 ないとークイズ！！！！【おるたなchannel】,東海オンエア,7852317,108719,5605,10,https://www.youtube.com/watch?v=IpOUClDNbrw,2026-05-09 14:44
キーワード検索,ゲーム,たくさん食べてすくすく育つ！【MOD紹介】,ウッドリィ,24642339,377271,1285,1,https://www.youtube.com/watch?v=DuEKgK2B2p8,2026-05-09 14:44
キーワード検索,ゲーム,感動のダブルスイカ‼️ #スイカゲーム #ゲーム実況 #サワヤンゲームズ,にこみチャンネル,20444406,362621,2186,2,https://www.youtube.com/watch?v=mhCy0IgobIw,2026-05-09 14:44
キーワード検索,ゲーム,全部ひっかかる人【しょぼんのアクション3D】 #ゲーム実況,タン,19793045,389856,419,3,https://www.youtube.com/watch?v=XGbduoPa_-0,2026-05-09 14:44
キーワード検索,ゲーム,ロシア人を質問責めしたら反応がカワイイwwwww【Liar’s Bar/ライアーズバー/ゲーム実況】#shorts,ゼロ / ZERO,18634752,547139,772,4,https://www.youtube.com/watch?v=k3pCB0OwN10,2026-05-09 14:44
キーワード検索,ゲーム,見たことの無い落ち方をする配信者#葉 #ゲーム実況 #切り抜き #onlyup,葉ちゅべ,18292248,347814,1380,5,https://www.youtube.com/watch?v=0cjKg-Z3xak,2026-05-09 14:44
キーワード検索,ゲーム,超怖いバケモノが襲ってくるロブロックス😱😱【 総集編 】【 ホラーオービーまとめ① 】【 ROBLOX / ロブロックス 】【ゲーム実況】,ちろぴの,13249371,96291,1922,6,https://www.youtube.com/watch?v=T1P7oJPkQWY,2026-05-09 14:44
キーワード検索,ゲーム,しょぼんにブチ切れる配信者www#葉 #切り抜き #しょぼんのアクション #ゲーム実況,葉ちゅべ,11488586,358354,1025,7,https://www.youtube.com/watch?v=EudwrmCNddQ,2026-05-09 14:44
キーワード検索,ゲーム,絶対に風邪を引きたいマッチョ #shorts,ドズル社,11483743,149140,503,8,https://www.youtube.com/watch?v=CraZ3Q-I44g,2026-05-09 14:44
キーワード検索,ゲーム,世界中で大流行している化け物ホラーゲーム『 Poppy Playtime 』,キヨ。,11203239,124129,5706,9,https://www.youtube.com/watch?v=5NBuIEk3XT0,2026-05-09 14:44
キーワード検索,ゲーム,雑なプレイは信頼の証 #shorts #chainedtogether #vtuber #ゲーム実況,P-Pチャンネル,10738240,207135,418,10,https://www.youtube.com/watch?v=d_bmJ8bVKrs,2026-05-09 14:44
キーワード検索,アニメ,Mrs. GREEN APPLE「ライラック」MV - TVアニメ『忘却バッテリー』Ver. -,Mrs. GREEN APPLE,51860099,179197,4012,1,https://www.youtube.com/watch?v=-NFhRWhkp7I,2026-05-09 14:44
キーワード検索,アニメ,バスボールを使ってみよう！#アニメキッズ,アニメキッズanimekids,44709710,0,0,2,https://www.youtube.com/watch?v=TFYnqEqeGqY,2026-05-09 14:44
キーワード検索,アニメ,アイナ・ジ・エンド / 革命道中 - On The Way × TVアニメ『ダンダダン』 [Collaboration Music Video],アイナ・ジ・エンド Official,41899595,183109,1597,3,https://www.youtube.com/watch?v=ScWlFcYn_FI,2026-05-09 14:44
キーワード検索,アニメ,2017 乗り物 人気動画まとめ★赤ちゃん・子供向けアニメ★はたらくくるま いっぱい！赤ちゃんが喜ぶ動画★Vehicle animation for kids,ノッカーナアニメーション nokkana animation,41161721,36340,0,4,https://www.youtube.com/watch?v=9AIwtVPWzAE,2026-05-09 14:44
キーワード検索,アニメ,TVアニメ『呪術廻戦』第3期「死滅回游 前編」ノンクレジットOPムービー／OPテーマ：King Gnu「AIZO」｜毎週木曜深夜0時26分（24時26分）～MBS/TBS系28局にて放送中!!,TOHO animation チャンネル,33087585,506285,0,5,https://www.youtube.com/watch?v=Xr032EhUDPw,2026-05-09 14:44
キーワード検索,アニメ,『SPY×FAMILY』第2クールオープニング主題歌アニメ映像(ノンクレジット)／“SPY x FAMILY” part2  Opening theme song animation,TOHO animation チャンネル,30321647,0,0,6,https://www.youtube.com/watch?v=YOIJOJsUkUg,2026-05-09 14:44
キーワード検索,アニメ,EGOIST『咲かせや咲かせ』Original Movie（劇場中編アニメ－ション『甲鉄城のカバネリ 海門決戦』主題歌）,EGOIST Official YouTube Channel,23753807,124927,2406,7,https://www.youtube.com/watch?v=dN020llYLQU,2026-05-09 14:44
キーワード検索,アニメ,"TVアニメ『うる星やつら』ノンクレジットOP 【MAISONdes「アイウエ feat. 美波, SAKURAmoti」】| 毎週木曜日24時55分からフジテレビ""ノイタミナ""ほかにて放送中！",【フジテレビ】アニメ公式チャンネル,22513023,288153,7500,8,https://www.youtube.com/watch?v=pEVhv4eB8Q8,2026-05-09 14:44
キーワード検索,アニメ,【Official MV】ray 超かぐや姫！Version / かぐや (cv.夏吉ゆうこ)、月見ヤチヨ (cv.早見沙織) from #超かぐや姫 ！,『超かぐや姫 ! 』公式,18521499,367407,13628,9,https://www.youtube.com/watch?v=356MRZ6P5h0,2026-05-09 14:44
キーワード検索,アニメ,＜主題歌 映像フル＞TVアニメ「ONE PIECE」／「最高到達点」歌：SEKAI NO OWARI,ONE PIECE公式YouTubeチャンネル,17742899,245512,9598,10,https://www.youtube.com/watch?v=yu-0eh9jdZg,2026-05-09 14:44
キーワード検索,映画,歌舞伎町タワーの日本一高い映画館「109シネマズプレミアム新宿」を正直レビュー！,正直レビュー 🍰🍛,6787823,119398,786,1,https://www.youtube.com/watch?v=2a1YM7MCXng,2026-05-09 14:44
キーワード検索,映画,市川團十郎が語る映画「国宝」の率直な感想と歌舞伎への想い,KABUKU. / 市川團十郎。,3483843,45008,1299,2,https://www.youtube.com/watch?v=OhHzzl4Z6qU,2026-05-09 14:44
キーワード検索,映画,名作映画を見た感想を嘘ついてる奴は誰だ！映画人狼バトル開始！,東海オンエア,3297552,29707,1192,3,https://www.youtube.com/watch?v=KWYewgdSAOI,2026-05-09 14:44
キーワード検索,映画,ディズニー１００周年のゴミ『ウィッシュ』レビュー,ホッカイロレン,3251889,43093,6850,4,https://www.youtube.com/watch?v=HQDUEU-Zhyc,2026-05-09 14:44
キーワード検索,映画,【2ch有益スレ】今まで見た映画の中で「一番最悪だった映画」挙げてけｗ,2ch有益プラネット【ゆっくり解説】,2937971,35139,6225,5,https://www.youtube.com/watch?v=J4JTp1tNrkk,2026-05-09 14:44
キーワード検索,映画,Netflix公開直後「23か国で1位＆2600万ビュー」  史上最狂のどんでん返しに息もできないスリラー【映画紹介】,映画一口,2450466,8741,206,6,https://www.youtube.com/watch?v=TXYFkQj8-C8,2026-05-09 14:44
キーワード検索,映画,【フェミ雪姫】雪が解ける勢いで大炎上してるディズニーの最新作『白雪姫』,ホッカイロレン,2076963,27217,4532,7,https://www.youtube.com/watch?v=97rJa1tG_G8,2026-05-09 14:44
キーワード検索,映画,【マリオ酷評】映画評論家が大絶賛した作品を観た結果www『TAR／ター』,ホッカイロレン,1879944,25143,3334,8,https://www.youtube.com/watch?v=wn1i-N_OxGI,2026-05-09 14:44
キーワード検索,映画,高齢者が無視されている生理的ニーズ。65歳の老人は生活のため、公園で立ちんぼをせざるを得なかった──『バッカス・レディ』,猫の映画レビュー,1538210,5578,379,9,https://www.youtube.com/watch?v=9RMui4rQWz8,2026-05-09 14:44
キーワード検索,映画,【クソ映画5連発】トランスフォーマーのパチモン全部レビューする！！,ホッカイロレン,1516799,17225,1319,10,https://www.youtube.com/watch?v=1e9Q-Q199sQ,2026-05-09 14:44
急上昇動画,総合,Replace to be - VACHSS Music Video,夢追翔のJUKE BOX,580319,66899,2604,1,https://www.youtube.com/watch?v=7qGbqQTn6og,2026-05-09 15:20
急上昇動画,総合,『ヤマトよ永遠に REBEL3199 第六章 碧い迷宮』本予告 / 2026.6.26 上映開始,バンダイナムコフィルムワークス チャンネル,122110,2916,478,2,https://www.youtube.com/watch?v=jS66ve9Gd4g,2026-05-09 15:20
急上昇動画,総合,【対決】1日かけてポケGOで捕まえたポケモン同士を戦わせたらまさかの結果に！？！！,Lazy Lie Crazy【レイクレ】,134370,3218,162,3,https://www.youtube.com/watch?v=G1w-XgyfbLM,2026-05-09 15:20
急上昇動画,総合,かりゆし58 - アンマー / THE FIRST TAKE,THE FIRST TAKE,345141,15045,619,4,https://www.youtube.com/watch?v=OUGCI8DZ12k,2026-05-09 15:20
急上昇動画,総合,5980円とは思えないGと戦うレベルのクソゲー【テラフォーマーズ 紅き惑星の激闘】,からすまAチャンネル,171094,4605,589,5,https://www.youtube.com/watch?v=neuBI7GCc8o,2026-05-09 15:20
急上昇動画,総合,BE:FIRST / Rondo -Behind The Scenes-,BE:FIRST Official,211341,23847,770,6,https://www.youtube.com/watch?v=uS2q1mmyGk8,2026-05-09 15:20
急上昇動画,総合,宇多田さんとテトリスをしました,佐藤 健 / Satoh Takeru,150941,7835,417,7,https://www.youtube.com/watch?v=YcoyPs1Og2Y,2026-05-09 15:20
急上昇動画,総合,ふみの / よくあるはなし -Music Video-,ふみの,163873,14195,628,8,https://www.youtube.com/watch?v=A3M7tjhawoA,2026-05-09 15:20
急上昇動画,総合,VCT Pacific 2026 : STAGE 1 - PLAYOFFS - DAY 3,VALORANT // JAPAN,318668,1972,0,9,https://www.youtube.com/watch?v=cswQzsSVfuo,2026-05-09 15:20
急上昇動画,総合,『ルージュの伝言｜松任谷由実』 acoustic cover.,優里ちゃんねる【公式】,46525,4213,268,10,https://www.youtube.com/watch?v=7DbiY5492zU,2026-05-09 15:20
急上昇動画,総合,助けて！南極で遭難したらバケモノに襲われました！【マイクラ】,ドズル社,141346,6024,179,11,https://www.youtube.com/watch?v=B2Ls1HrcjJI,2026-05-09 15:20
急上昇動画,総合,King & Prince「Stereo Love」-STARRING LIVE ver.-,King & Prince,170567,19399,1258,12,https://www.youtube.com/watch?v=ZICsvkMUjXM,2026-05-09 15:20
急上昇動画,総合,【BIOHAZARD requiem】追加DLC『LEON MUST DIE FOREVER』,あまり驚かないガッチマンはホラーゲームばかりやっている,162362,4307,201,13,https://www.youtube.com/watch?v=fpg4T9vuKNc,2026-05-09 15:20
急上昇動画,総合,LUNA SEA / FOREVER TEASER,LUNA SEA,25803,2390,127,14,https://www.youtube.com/watch?v=DYi0LBl8P_A,2026-05-09 15:20
急上昇動画,総合,好きな人ができて恋愛がはじまる観察3日目『トモダチコレクションわくわく生活』,ちろぴの,166501,5469,580,15,https://www.youtube.com/watch?v=jPb8lPXmHew,2026-05-09 15:20
急上昇動画,総合,"HAN ""back to life"" | [Stray Kids : SKZ-PLAYER]",Stray Kids,1294155,343340,30660,16,https://www.youtube.com/watch?v=F0UIsSnotlA,2026-05-09 15:20
急上昇動画,総合,加藤純一のトモダチコレクション わくわく生活ダイジェスト【2026/05/08】,加藤純一ロードショー,322516,4659,716,17,https://www.youtube.com/watch?v=C9Z8ir7Z60g,2026-05-09 15:20
急上昇動画,総合,【ライブ映像】「ふるっぱれーど」/FRUITS ZIPPER 4TH ANNIVERSARY ARENA TOUR「DREAM WITH IN」代々木公演,FRUITS ZIPPER,19235,1935,178,18,https://www.youtube.com/watch?v=cZsK1Icu74Q,2026-05-09 15:20
急上昇動画,総合,環境適応型『メガスピアー』が想像の5億倍強くてわろた【ポケモンチャンピオンズ】,ライバロリ,77134,1231,269,19,https://www.youtube.com/watch?v=_sQL5J1Ap7k,2026-05-09 15:20
急上昇動画,総合,Motoki Ohmori -「催し」Official MV,大森元貴 / Motoki Ohmori,1794444,76802,5794,20,https://www.youtube.com/watch?v=fR7RPEW6YE0,2026-05-09 15:20
キーワード検索,エンタメ,いや勝つんかいw　 #おもしろ #エンタメ #ネタ #バズれ #shorts,やっさん2,19137910,158094,560,1,https://www.youtube.com/watch?v=fBQOV3jiST0,2026-05-09 15:20
キーワード検索,エンタメ,無反応挑戦　w#おもしろ＃おもしろ動画＃エンタメ#お笑い#バラエティ#テレビ#バズれ #shorts,ネタ秒,14609558,41788,303,2,https://www.youtube.com/watch?v=9nXbYZL8V9E,2026-05-09 15:20
キーワード検索,エンタメ,クビの真相は？【GOKKO】【ごっこ倶楽部】【企業研究】【エンタメ業界】【IT業界】【映画】【ドラマ】【シネマ】【メイキング】【Making】【新卒】【中途採用】【転職】【社員紹介】【企業PV】,ごっこ倶楽部のウラ垢 - STUDIO GOKKO -,12780643,170596,2436,3,https://www.youtube.com/watch?v=i5TSvrhVH94,2026-05-09 15:20
キーワード検索,エンタメ,狩野英孝のマイクラ実況が面白いwww#エンタメ #マイクラ #狩野英孝,はるえもん,11676949,185196,534,4,https://www.youtube.com/watch?v=21eblauBPy8,2026-05-09 15:20
キーワード検索,エンタメ,ネプリーグ放送事故w #おもしろ #面白い #テレビ #エンタメ #お笑い #芸人 #バズれ #shorts,やっさん2,11437791,131923,1543,5,https://www.youtube.com/watch?v=fGaa5iluMIQ,2026-05-09 15:20
キーワード検索,エンタメ,入れないと蝶野に制裁ビンタされる⁉️ #エンタメ #ガキ使 #ダウンタウン#方正,はるえもん,10515763,97702,500,6,https://www.youtube.com/watch?v=Mr8II4SLhaI,2026-05-09 15:20
キーワード検索,エンタメ,大根だけってどんな味なんだろう？ #面白い #おもしろ #エンタメ #お笑い #お笑い芸人 #テレビ #バズれ #shorts,やっさん2,8886349,87130,512,7,https://www.youtube.com/watch?v=40nqUvs_tfE,2026-05-09 15:20
キーワード検索,エンタメ,【ヤジマリー。&西村マネ】強盗エンターテイメント#神速49秒 #お笑い #マネージャー #コラボ #コント #漫才 #まいにち賞レース #おすすめバラエティ #shorts,動画、はじめてみました【テレビ朝日公式】,8671274,122139,422,8,https://www.youtube.com/watch?v=3OxSSHJdOw8,2026-05-09 15:20
キーワード検索,エンタメ,なんか気まずいなw #面白い #おもしろ #エンタメ #お笑い #芸人 #バズれ #shorts,やっさん2,8478388,54704,230,9,https://www.youtube.com/watch?v=qWJ3sGP9SJ8,2026-05-09 15:20
キーワード検索,エンタメ,【エンタメ革命】予測不能ナルシズム！！第一回 ないとークイズ！！！！【おるたなchannel】,東海オンエア,7852315,108719,5605,10,https://www.youtube.com/watch?v=IpOUClDNbrw,2026-05-09 15:20
キーワード検索,ゲーム,たくさん食べてすくすく育つ！【MOD紹介】,ウッドリィ,24642958,377279,1285,1,https://www.youtube.com/watch?v=DuEKgK2B2p8,2026-05-09 15:20
キーワード検索,ゲーム,感動のダブルスイカ‼️ #スイカゲーム #ゲーム実況 #サワヤンゲームズ,にこみチャンネル,20444408,362621,2186,2,https://www.youtube.com/watch?v=mhCy0IgobIw,2026-05-09 15:20
キーワード検索,ゲーム,全部ひっかかる人【しょぼんのアクション3D】 #ゲーム実況,タン,19793067,389857,419,3,https://www.youtube.com/watch?v=XGbduoPa_-0,2026-05-09 15:20
キーワード検索,ゲーム,ロシア人を質問責めしたら反応がカワイイwwwww【Liar’s Bar/ライアーズバー/ゲーム実況】#shorts,ゼロ / ZERO,18634752,547139,772,4,https://www.youtube.com/watch?v=k3pCB0OwN10,2026-05-09 15:20
キーワード検索,ゲーム,見たことの無い落ち方をする配信者#葉 #ゲーム実況 #切り抜き #onlyup,葉ちゅべ,18292383,347817,1380,5,https://www.youtube.com/watch?v=0cjKg-Z3xak,2026-05-09 15:20
キーワード検索,ゲーム,超怖いバケモノが襲ってくるロブロックス😱😱【 総集編 】【 ホラーオービーまとめ① 】【 ROBLOX / ロブロックス 】【ゲーム実況】,ちろぴの,13249434,96293,1922,6,https://www.youtube.com/watch?v=T1P7oJPkQWY,2026-05-09 15:20
キーワード検索,ゲーム,しょぼんにブチ切れる配信者www#葉 #切り抜き #しょぼんのアクション #ゲーム実況,葉ちゅべ,11488688,358356,1025,7,https://www.youtube.com/watch?v=EudwrmCNddQ,2026-05-09 15:20
キーワード検索,ゲーム,絶対に風邪を引きたいマッチョ #shorts,ドズル社,11484079,149143,503,8,https://www.youtube.com/watch?v=CraZ3Q-I44g,2026-05-09 15:20
キーワード検索,ゲーム,世界中で大流行している化け物ホラーゲーム『 Poppy Playtime 』,キヨ。,11203370,124131,5706,9,https://www.youtube.com/watch?v=5NBuIEk3XT0,2026-05-09 15:20
キーワード検索,ゲーム,雑なプレイは信頼の証 #shorts #chainedtogether #vtuber #ゲーム実況,P-Pチャンネル,10738242,207135,418,10,https://www.youtube.com/watch?v=d_bmJ8bVKrs,2026-05-09 15:20
キーワード検索,アニメ,Mrs. GREEN APPLE「ライラック」MV - TVアニメ『忘却バッテリー』Ver. -,Mrs. GREEN APPLE,51861809,179197,4012,1,https://www.youtube.com/watch?v=-NFhRWhkp7I,2026-05-09 15:20
キーワード検索,アニメ,バスボールを使ってみよう！#アニメキッズ,アニメキッズanimekids,44709983,0,0,2,https://www.youtube.com/watch?v=TFYnqEqeGqY,2026-05-09 15:20
キーワード検索,アニメ,アイナ・ジ・エンド / 革命道中 - On The Way × TVアニメ『ダンダダン』 [Collaboration Music Video],アイナ・ジ・エンド Official,41902647,183115,1597,3,https://www.youtube.com/watch?v=ScWlFcYn_FI,2026-05-09 15:20
キーワード検索,アニメ,2017 乗り物 人気動画まとめ★赤ちゃん・子供向けアニメ★はたらくくるま いっぱい！赤ちゃんが喜ぶ動画★Vehicle animation for kids,ノッカーナアニメーション nokkana animation,41161928,36340,0,4,https://www.youtube.com/watch?v=9AIwtVPWzAE,2026-05-09 15:20
キーワード検索,アニメ,TVアニメ『呪術廻戦』第3期「死滅回游 前編」ノンクレジットOPムービー／OPテーマ：King Gnu「AIZO」｜毎週木曜深夜0時26分（24時26分）～MBS/TBS系28局にて放送中!!,TOHO animation チャンネル,33091742,506313,0,5,https://www.youtube.com/watch?v=Xr032EhUDPw,2026-05-09 15:20
キーワード検索,アニメ,『SPY×FAMILY』第2クールオープニング主題歌アニメ映像(ノンクレジット)／“SPY x FAMILY” part2  Opening theme song animation,TOHO animation チャンネル,30322238,0,0,6,https://www.youtube.com/watch?v=YOIJOJsUkUg,2026-05-09 15:20
キーワード検索,アニメ,EGOIST『咲かせや咲かせ』Original Movie（劇場中編アニメ－ション『甲鉄城のカバネリ 海門決戦』主題歌）,EGOIST Official YouTube Channel,23754287,124933,2406,7,https://www.youtube.com/watch?v=dN020llYLQU,2026-05-09 15:20
キーワード検索,アニメ,"TVアニメ『うる星やつら』ノンクレジットOP 【MAISONdes「アイウエ feat. 美波, SAKURAmoti」】| 毎週木曜日24時55分からフジテレビ""ノイタミナ""ほかにて放送中！",【フジテレビ】アニメ公式チャンネル,22513326,288154,7500,8,https://www.youtube.com/watch?v=pEVhv4eB8Q8,2026-05-09 15:20
キーワード検索,アニメ,【Official MV】ray 超かぐや姫！Version / かぐや (cv.夏吉ゆうこ)、月見ヤチヨ (cv.早見沙織) from #超かぐや姫 ！,『超かぐや姫 ! 』公式,18525878,367437,13629,9,https://www.youtube.com/watch?v=356MRZ6P5h0,2026-05-09 15:20
キーワード検索,アニメ,＜主題歌 映像フル＞TVアニメ「ONE PIECE」／「最高到達点」歌：SEKAI NO OWARI,ONE PIECE公式YouTubeチャンネル,17743041,245512,9598,10,https://www.youtube.com/watch?v=yu-0eh9jdZg,2026-05-09 15:20
キーワード検索,映画,歌舞伎町タワーの日本一高い映画館「109シネマズプレミアム新宿」を正直レビュー！,正直レビュー 🍰🍛,6787823,119398,786,1,https://www.youtube.com/watch?v=2a1YM7MCXng,2026-05-09 15:20
キーワード検索,映画,市川團十郎が語る映画「国宝」の率直な感想と歌舞伎への想い,KABUKU. / 市川團十郎。,3483848,45008,1299,2,https://www.youtube.com/watch?v=OhHzzl4Z6qU,2026-05-09 15:20
キーワード検索,映画,名作映画を見た感想を嘘ついてる奴は誰だ！映画人狼バトル開始！,東海オンエア,3297635,29707,1192,3,https://www.youtube.com/watch?v=KWYewgdSAOI,2026-05-09 15:20
キーワード検索,映画,ディズニー１００周年のゴミ『ウィッシュ』レビュー,ホッカイロレン,3251889,43093,6850,4,https://www.youtube.com/watch?v=HQDUEU-Zhyc,2026-05-09 15:20
キーワード検索,映画,【2ch有益スレ】今まで見た映画の中で「一番最悪だった映画」挙げてけｗ,2ch有益プラネット【ゆっくり解説】,2938092,35140,6225,5,https://www.youtube.com/watch?v=J4JTp1tNrkk,2026-05-09 15:20
キーワード検索,映画,Netflix公開直後「23か国で1位＆2600万ビュー」  史上最狂のどんでん返しに息もできないスリラー【映画紹介】,映画一口,2450779,8741,206,6,https://www.youtube.com/watch?v=TXYFkQj8-C8,2026-05-09 15:20
キーワード検索,映画,【フェミ雪姫】雪が解ける勢いで大炎上してるディズニーの最新作『白雪姫』,ホッカイロレン,2077085,27217,4532,7,https://www.youtube.com/watch?v=97rJa1tG_G8,2026-05-09 15:20
キーワード検索,映画,【マリオ酷評】映画評論家が大絶賛した作品を観た結果www『TAR／ター』,ホッカイロレン,1880005,25144,3334,8,https://www.youtube.com/watch?v=wn1i-N_OxGI,2026-05-09 15:20
キーワード検索,映画,高齢者が無視されている生理的ニーズ。65歳の老人は生活のため、公園で立ちんぼをせざるを得なかった──『バッカス・レディ』,猫の映画レビュー,1538425,5578,379,9,https://www.youtube.com/watch?v=9RMui4rQWz8,2026-05-09 15:20
キーワード検索,映画,【クソ映画5連発】トランスフォーマーのパチモン全部レビューする！！,ホッカイロレン,1516809,17225,1319,10,https://www.youtube.com/watch?v=1e9Q-Q199sQ,2026-05-09 15:20
急上昇動画,総合,Replace to be - VACHSS Music Video,夢追翔のJUKE BOX,724783,71676,2755,1,https://www.youtube.com/watch?v=7qGbqQTn6og,2026-05-10 08:32
急上昇動画,総合,『フォルティクス 配信！推しを継ぐもの』予告編30秒（バイオテック Ｍ編）【2026年6月7日（日）配信】,東映特撮YouTube Official,11148,393,33,2,https://www.youtube.com/watch?v=7tjPP7RP9z8,2026-05-10 08:32
急上昇動画,総合,宇多田さんとテトリスをしました,佐藤 健 / Satoh Takeru,1272180,19625,952,3,https://www.youtube.com/watch?v=YcoyPs1Og2Y,2026-05-10 08:32
急上昇動画,総合,かりゆし58 - アンマー / THE FIRST TAKE,THE FIRST TAKE,449107,17151,694,4,https://www.youtube.com/watch?v=OUGCI8DZ12k,2026-05-10 08:32
急上昇動画,総合,100日間ポピープレイタイムのキャラに変身して生き残る【 マイクラ / マインクラフト 】,ウォーターチャレンジ,102084,1715,35,5,https://www.youtube.com/watch?v=JoielG-k8ik,2026-05-10 08:32
急上昇動画,総合,『ルージュの伝言｜松任谷由実』 acoustic cover.,優里ちゃんねる【公式】,98243,5876,335,6,https://www.youtube.com/watch?v=7DbiY5492zU,2026-05-10 08:32
急上昇動画,総合,【対決】1日かけてポケGOで捕まえたポケモン同士を戦わせたらまさかの結果に！？！！,Lazy Lie Crazy【レイクレ】,341232,5339,211,7,https://www.youtube.com/watch?v=G1w-XgyfbLM,2026-05-10 08:32
急上昇動画,総合,BE:FIRST / Rondo -Behind The Scenes-,BE:FIRST Official,230399,24469,787,8,https://www.youtube.com/watch?v=uS2q1mmyGk8,2026-05-10 08:32
急上昇動画,総合,【ツムツム】新ツムのやつをやる！！ガーディアンルーク,とある高校生がツムツムをしてみた,141385,1741,8,9,https://www.youtube.com/watch?v=rxl5S0tSoOM,2026-05-10 08:32
急上昇動画,総合,ALPHA DRIVE ONE (알파드라이브원) 'Beautiful' Dance Practice｜KCON JAPAN 2026 ver.(Original Song - Wanna One),ALPHA DRIVE ONE,51140,12361,2096,10,https://www.youtube.com/watch?v=X0RBz4_DzvQ,2026-05-10 08:32
急上昇動画,総合,5980円とは思えないGと戦うレベルのクソゲー【テラフォーマーズ 紅き惑星の激闘】,からすまAチャンネル,379538,7045,790,11,https://www.youtube.com/watch?v=neuBI7GCc8o,2026-05-10 08:32
急上昇動画,総合,ふみの / よくあるはなし -Music Video-,ふみの,224971,16293,682,12,https://www.youtube.com/watch?v=A3M7tjhawoA,2026-05-10 08:32
急上昇動画,総合,好きな人ができて恋愛がはじまる観察3日目『トモダチコレクションわくわく生活』,ちろぴの,333925,7920,662,13,https://www.youtube.com/watch?v=jPb8lPXmHew,2026-05-10 08:32
急上昇動画,総合,LUNA SEA / FOREVER TEASER,LUNA SEA,38809,2849,143,14,https://www.youtube.com/watch?v=DYi0LBl8P_A,2026-05-10 08:32
急上昇動画,総合,助けて！南極で遭難したらバケモノに襲われました！【マイクラ】,ドズル社,273283,8491,220,15,https://www.youtube.com/watch?v=B2Ls1HrcjJI,2026-05-10 08:32
急上昇動画,総合,King & Prince「Stereo Love」-STARRING LIVE ver.-,King & Prince,200287,20391,1320,16,https://www.youtube.com/watch?v=ZICsvkMUjXM,2026-05-10 08:32
急上昇動画,総合,バックルームから数量限定のブレインロットを盗むロブロックス..🚪☢️ 【ROBLOX】,てるとくん,115418,3879,1464,17,https://www.youtube.com/watch?v=jEXudFbbSHg,2026-05-10 08:32
急上昇動画,総合,【ライブ映像】「ふるっぱれーど」/FRUITS ZIPPER 4TH ANNIVERSARY ARENA TOUR「DREAM WITH IN」代々木公演,FRUITS ZIPPER,52067,3013,222,18,https://www.youtube.com/watch?v=cZsK1Icu74Q,2026-05-10 08:32
急上昇動画,総合,"【ギリギリの攻防】""若手ホープ最終1位""の前に、歴代最強の王者が立ちはだかる。【りょんVSくろこ】",今日ポケch.,190390,2261,215,19,https://www.youtube.com/watch?v=YYDRLr8DNiA,2026-05-10 08:32
急上昇動画,総合,"HAN ""back to life"" | [Stray Kids : SKZ-PLAYER]",Stray Kids,1783807,391856,33077,20,https://www.youtube.com/watch?v=F0UIsSnotlA,2026-05-10 08:32
キーワード検索,エンタメ,いや勝つんかいw　 #おもしろ #エンタメ #ネタ #バズれ #shorts,やっさん2,19138283,158095,560,1,https://www.youtube.com/watch?v=fBQOV3jiST0,2026-05-10 08:32
キーワード検索,エンタメ,無反応挑戦　w#おもしろ＃おもしろ動画＃エンタメ#お笑い#バラエティ#テレビ#バズれ #shorts,ネタ秒,14609561,41788,303,2,https://www.youtube.com/watch?v=9nXbYZL8V9E,2026-05-10 08:32
キーワード検索,エンタメ,クビの真相は？【GOKKO】【ごっこ倶楽部】【企業研究】【エンタメ業界】【IT業界】【映画】【ドラマ】【シネマ】【メイキング】【Making】【新卒】【中途採用】【転職】【社員紹介】【企業PV】,ごっこ倶楽部のウラ垢 - STUDIO GOKKO -,12780661,170595,2436,3,https://www.youtube.com/watch?v=i5TSvrhVH94,2026-05-10 08:32
キーワード検索,エンタメ,狩野英孝のマイクラ実況が面白いwww#エンタメ #マイクラ #狩野英孝,はるえもん,11678282,185212,534,4,https://www.youtube.com/watch?v=21eblauBPy8,2026-05-10 08:32
キーワード検索,エンタメ,ネプリーグ放送事故w #おもしろ #面白い #テレビ #エンタメ #お笑い #芸人 #バズれ #shorts,やっさん2,11440257,131953,1546,5,https://www.youtube.com/watch?v=fGaa5iluMIQ,2026-05-10 08:32
キーワード検索,エンタメ,入れないと蝶野に制裁ビンタされる⁉️ #エンタメ #ガキ使 #ダウンタウン#方正,はるえもん,10516142,97703,501,6,https://www.youtube.com/watch?v=Mr8II4SLhaI,2026-05-10 08:32
キーワード検索,エンタメ,大根だけってどんな味なんだろう？ #面白い #おもしろ #エンタメ #お笑い #お笑い芸人 #テレビ #バズれ #shorts,やっさん2,8886374,87130,512,7,https://www.youtube.com/watch?v=40nqUvs_tfE,2026-05-10 08:32
キーワード検索,エンタメ,【ヤジマリー。&西村マネ】強盗エンターテイメント#神速49秒 #お笑い #マネージャー #コラボ #コント #漫才 #まいにち賞レース #おすすめバラエティ #shorts,動画、はじめてみました【テレビ朝日公式】,8671988,122143,422,8,https://www.youtube.com/watch?v=3OxSSHJdOw8,2026-05-10 08:32
キーワード検索,エンタメ,なんか気まずいなw #面白い #おもしろ #エンタメ #お笑い #芸人 #バズれ #shorts,やっさん2,8478430,54704,230,9,https://www.youtube.com/watch?v=qWJ3sGP9SJ8,2026-05-10 08:32
キーワード検索,エンタメ,【エンタメ革命】予測不能ナルシズム！！第一回 ないとークイズ！！！！【おるたなchannel】,東海オンエア,7852713,108720,5605,10,https://www.youtube.com/watch?v=IpOUClDNbrw,2026-05-10 08:32
キーワード検索,ゲーム,たくさん食べてすくすく育つ！【MOD紹介】,ウッドリィ,24655913,377430,1286,1,https://www.youtube.com/watch?v=DuEKgK2B2p8,2026-05-10 08:32
キーワード検索,ゲーム,感動のダブルスイカ‼️ #スイカゲーム #ゲーム実況 #サワヤンゲームズ,にこみチャンネル,20444539,362619,2186,2,https://www.youtube.com/watch?v=mhCy0IgobIw,2026-05-10 08:32
キーワード検索,ゲーム,全部ひっかかる人【しょぼんのアクション3D】 #ゲーム実況,タン,19793347,389862,419,3,https://www.youtube.com/watch?v=XGbduoPa_-0,2026-05-10 08:32
キーワード検索,ゲーム,ロシア人を質問責めしたら反応がカワイイwwwww【Liar’s Bar/ライアーズバー/ゲーム実況】#shorts,ゼロ / ZERO,18634979,547146,772,4,https://www.youtube.com/watch?v=k3pCB0OwN10,2026-05-10 08:32
キーワード検索,ゲーム,見たことの無い落ち方をする配信者#葉 #ゲーム実況 #切り抜き #onlyup,葉ちゅべ,18294512,347858,1380,5,https://www.youtube.com/watch?v=0cjKg-Z3xak,2026-05-10 08:32
キーワード検索,ゲーム,デビルレベルpart9 #switch2 #ゲーム実況 #shorts,ぐりげんの南極第二拠点,16593841,195558,498,6,https://www.youtube.com/watch?v=1JT-CjiNVok,2026-05-10 08:32
キーワード検索,ゲーム,超怖いバケモノが襲ってくるロブロックス😱😱【 総集編 】【 ホラーオービーまとめ① 】【 ROBLOX / ロブロックス 】【ゲーム実況】,ちろぴの,13252602,96326,1922,7,https://www.youtube.com/watch?v=T1P7oJPkQWY,2026-05-10 08:32
キーワード検索,ゲーム,しょぼんにブチ切れる配信者www#葉 #切り抜き #しょぼんのアクション #ゲーム実況,葉ちゅべ,11490367,358400,1025,8,https://www.youtube.com/watch?v=EudwrmCNddQ,2026-05-10 08:32
キーワード検索,ゲーム,世界中で大流行している化け物ホラーゲーム『 Poppy Playtime 』,キヨ。,11206075,124150,5705,9,https://www.youtube.com/watch?v=5NBuIEk3XT0,2026-05-10 08:32
キーワード検索,ゲーム,雑なプレイは信頼の証 #shorts #chainedtogether #vtuber #ゲーム実況,P-Pチャンネル,10738563,207138,418,10,https://www.youtube.com/watch?v=d_bmJ8bVKrs,2026-05-10 08:32
キーワード検索,アニメ,カプセルくるくるお皿でポン！たのしい回転ずしDX #アニメキッズ,アニメキッズanimekids,44202450,0,0,1,https://www.youtube.com/watch?v=ew4ig9E5gaQ,2026-05-10 08:32
キーワード検索,アニメ,2017 乗り物 人気動画まとめ★赤ちゃん・子供向けアニメ★はたらくくるま いっぱい！赤ちゃんが喜ぶ動画★Vehicle animation for kids,ノッカーナアニメーション nokkana animation,41169267,36346,0,2,https://www.youtube.com/watch?v=9AIwtVPWzAE,2026-05-10 08:32
キーワード検索,アニメ,TVアニメ『呪術廻戦』第3期「死滅回游 前編」ノンクレジットOPムービー／OPテーマ：King Gnu「AIZO」｜毎週木曜深夜0時26分（24時26分）～MBS/TBS系28局にて放送中!!,TOHO animation チャンネル,33171563,506753,0,3,https://www.youtube.com/watch?v=Xr032EhUDPw,2026-05-10 08:32
キーワード検索,アニメ,『SPY×FAMILY』第2クールオープニング主題歌アニメ映像(ノンクレジット)／“SPY x FAMILY” part2  Opening theme song animation,TOHO animation チャンネル,30332898,0,0,4,https://www.youtube.com/watch?v=YOIJOJsUkUg,2026-05-10 08:32
キーワード検索,アニメ,EGOIST『咲かせや咲かせ』Original Movie（劇場中編アニメ－ション『甲鉄城のカバネリ 海門決戦』主題歌）,EGOIST Official YouTube Channel,23761918,124949,2408,5,https://www.youtube.com/watch?v=dN020llYLQU,2026-05-10 08:32
キーワード検索,アニメ,"TVアニメ『うる星やつら』ノンクレジットOP 【MAISONdes「アイウエ feat. 美波, SAKURAmoti」】| 毎週木曜日24時55分からフジテレビ""ノイタミナ""ほかにて放送中！",【フジテレビ】アニメ公式チャンネル,22516142,288176,7500,6,https://www.youtube.com/watch?v=pEVhv4eB8Q8,2026-05-10 08:32
キーワード検索,アニメ,【Official MV】ray 超かぐや姫！Version / かぐや (cv.夏吉ゆうこ)、月見ヤチヨ (cv.早見沙織) from #超かぐや姫 ！,『超かぐや姫 ! 』公式,18585321,367938,13637,7,https://www.youtube.com/watch?v=356MRZ6P5h0,2026-05-10 08:32
キーワード検索,アニメ,＜主題歌 映像フル＞TVアニメ「ONE PIECE」／「最高到達点」歌：SEKAI NO OWARI,ONE PIECE公式YouTubeチャンネル,17746155,245530,9599,8,https://www.youtube.com/watch?v=yu-0eh9jdZg,2026-05-10 08:32
キーワード検索,アニメ,男子が女子に冷める瞬間をアニメ化してみた！【混血のカレコレコラボ】 #shorts,ボンボンTV,14473275,281619,8480,9,https://www.youtube.com/watch?v=ffULivb6VNM,2026-05-10 08:32
キーワード検索,アニメ,サカナクション「怪獣」×アニメ『チ。 ―地球の運動について―』コラボレーションMUSIC VIDEO,サカナクション sakanaction,11647329,208672,0,10,https://www.youtube.com/watch?v=UexbDmxHW0U,2026-05-10 08:32
キーワード検索,映画,歌舞伎町タワーの日本一高い映画館「109シネマズプレミアム新宿」を正直レビュー！,正直レビュー 🍰🍛,6788194,119395,786,1,https://www.youtube.com/watch?v=2a1YM7MCXng,2026-05-10 08:32
キーワード検索,映画,市川團十郎が語る映画「国宝」の率直な感想と歌舞伎への想い,KABUKU. / 市川團十郎。,3484137,45010,1300,2,https://www.youtube.com/watch?v=OhHzzl4Z6qU,2026-05-10 08:32
キーワード検索,映画,名作映画を見た感想を嘘ついてる奴は誰だ！映画人狼バトル開始！,東海オンエア,3299527,29716,1192,3,https://www.youtube.com/watch?v=KWYewgdSAOI,2026-05-10 08:32
キーワード検索,映画,ディズニー１００周年のゴミ『ウィッシュ』レビュー,ホッカイロレン,3252875,43098,6853,4,https://www.youtube.com/watch?v=HQDUEU-Zhyc,2026-05-10 08:32
キーワード検索,映画,【2ch有益スレ】今まで見た映画の中で「一番最悪だった映画」挙げてけｗ,2ch有益プラネット【ゆっくり解説】,2939730,35152,6226,5,https://www.youtube.com/watch?v=J4JTp1tNrkk,2026-05-10 08:32
キーワード検索,映画,Netflix公開直後「23か国で1位＆2600万ビュー」  史上最狂のどんでん返しに息もできないスリラー【映画紹介】,映画一口,2455458,8764,206,6,https://www.youtube.com/watch?v=TXYFkQj8-C8,2026-05-10 08:32
キーワード検索,映画,【フェミ雪姫】雪が解ける勢いで大炎上してるディズニーの最新作『白雪姫』,ホッカイロレン,2078178,27219,4532,7,https://www.youtube.com/watch?v=97rJa1tG_G8,2026-05-10 08:32
キーワード検索,映画,【マリオ酷評】映画評論家が大絶賛した作品を観た結果www『TAR／ター』,ホッカイロレン,1881058,25149,3335,8,https://www.youtube.com/watch?v=wn1i-N_OxGI,2026-05-10 08:32
キーワード検索,映画,高齢者が無視されている生理的ニーズ。65歳の老人は生活のため、公園で立ちんぼをせざるを得なかった──『バッカス・レディ』,猫の映画レビュー,1541176,5582,380,9,https://www.youtube.com/watch?v=9RMui4rQWz8,2026-05-10 08:32
キーワード検索,映画,【クソ映画5連発】トランスフォーマーのパチモン全部レビューする！！,ホッカイロレン,1517205,17226,1319,10,https://www.youtube.com/watch?v=1e9Q-Q199sQ,2026-05-10 08:32
急上昇動画,総合,Replace to be - VACHSS Music Video,夢追翔のJUKE BOX,758413,72855,2782,1,https://www.youtube.com/watch?v=7qGbqQTn6og,2026-05-10 11:44
急上昇動画,総合,『フォルティクス 配信！推しを継ぐもの』予告編30秒（バイオテック Ｍ編）【2026年6月7日（日）配信】,東映特撮YouTube Official,15216,487,39,2,https://www.youtube.com/watch?v=7tjPP7RP9z8,2026-05-10 11:44
急上昇動画,総合,自由な住民たちの生活を見守る神ゲー『 トモダチコレクション わくわく生活 』～大恋愛～,キヨ。,201989,20309,2279,3,https://www.youtube.com/watch?v=y__j0ezIAL8,2026-05-10 11:44
急上昇動画,総合,【Ado】春に舞う -『今日、好きになりました。』ver.,Ado,116054,17166,1254,4,https://www.youtube.com/watch?v=NCGL-YdhNCA,2026-05-10 11:44
急上昇動画,総合,100日間ポピープレイタイムのキャラに変身して生き残る【 マイクラ / マインクラフト 】,ウォーターチャレンジ,160680,2194,41,5,https://www.youtube.com/watch?v=JoielG-k8ik,2026-05-10 11:44
急上昇動画,総合,かりゆし58 - アンマー / THE FIRST TAKE,THE FIRST TAKE,471370,17855,733,6,https://www.youtube.com/watch?v=OUGCI8DZ12k,2026-05-10 11:44
急上昇動画,総合,宇多田さんとテトリスをしました,佐藤 健 / Satoh Takeru,1418596,21380,1026,7,https://www.youtube.com/watch?v=YcoyPs1Og2Y,2026-05-10 11:44
急上昇動画,総合,『ルージュの伝言｜松任谷由実』 acoustic cover.,優里ちゃんねる【公式】,108072,6180,348,8,https://www.youtube.com/watch?v=7DbiY5492zU,2026-05-10 11:44
急上昇動画,総合,"【スマブラSP】第69回スマバトSP ft sparg0,Miya,Asimo,らる,Wrath,りゅーおー,らき,からあげ,マイルドなH,O,ラリックス,さや and more!!【関西オフ大会】",Westerlies Gaming,222436,1165,5,9,https://www.youtube.com/watch?v=7Qx9Crvya50,2026-05-10 11:44
急上昇動画,総合,ALPHA DRIVE ONE (알파드라이브원) 'Beautiful' Dance Practice｜KCON JAPAN 2026 ver.(Original Song - Wanna One),ALPHA DRIVE ONE,74152,14823,2241,10,https://www.youtube.com/watch?v=X0RBz4_DzvQ,2026-05-10 11:44
急上昇動画,総合,【対決】1日かけてポケGOで捕まえたポケモン同士を戦わせたらまさかの結果に！？！！,Lazy Lie Crazy【レイクレ】,366760,5669,214,11,https://www.youtube.com/watch?v=G1w-XgyfbLM,2026-05-10 11:44
急上昇動画,総合,BE:FIRST / Rondo -Behind The Scenes-,BE:FIRST Official,235101,24619,789,12,https://www.youtube.com/watch?v=uS2q1mmyGk8,2026-05-10 11:44
急上昇動画,総合,5980円とは思えないGと戦うレベルのクソゲー【テラフォーマーズ 紅き惑星の激闘】,からすまAチャンネル,401795,7313,806,13,https://www.youtube.com/watch?v=neuBI7GCc8o,2026-05-10 11:44
急上昇動画,総合,ふみの / よくあるはなし -Music Video-,ふみの,238213,16917,699,14,https://www.youtube.com/watch?v=A3M7tjhawoA,2026-05-10 11:44
急上昇動画,総合,【ツムツム】新ツムのやつをやる！！ガーディアンルーク,とある高校生がツムツムをしてみた,143730,1747,8,15,https://www.youtube.com/watch?v=rxl5S0tSoOM,2026-05-10 11:44
急上昇動画,総合,LUNA SEA / FOREVER TEASER,LUNA SEA,41164,2912,144,16,https://www.youtube.com/watch?v=DYi0LBl8P_A,2026-05-10 11:44
急上昇動画,総合,【検証】鎖で繋がれて3ブロック以上離れられない状態でハードコアクリアできるのか？【マイクラ/Minecraft】,GON,45218,2450,158,17,https://www.youtube.com/watch?v=VCOxNkAMEyY,2026-05-10 11:44
急上昇動画,総合,King & Prince「Stereo Love」-STARRING LIVE ver.-,King & Prince,205971,20583,1335,18,https://www.youtube.com/watch?v=ZICsvkMUjXM,2026-05-10 11:44
急上昇動画,総合,究極の生物になるために必要なのは『生物である事を捨てる覚悟』だったってワケ【Strange Seed】,牛沢,50853,2673,139,19,https://www.youtube.com/watch?v=Jro9OlB9iA0,2026-05-10 11:44
急上昇動画,総合,【ライブ映像】「ふるっぱれーど」/FRUITS ZIPPER 4TH ANNIVERSARY ARENA TOUR「DREAM WITH IN」代々木公演,FRUITS ZIPPER,56585,3158,224,20,https://www.youtube.com/watch?v=cZsK1Icu74Q,2026-05-10 11:44
キーワード検索,エンタメ,いや勝つんかいw　 #おもしろ #エンタメ #ネタ #バズれ #shorts,やっさん2,19138432,158095,560,1,https://www.youtube.com/watch?v=fBQOV3jiST0,2026-05-10 11:44
キーワード検索,エンタメ,無反応挑戦　w#おもしろ＃おもしろ動画＃エンタメ#お笑い#バラエティ#テレビ#バズれ #shorts,ネタ秒,14609561,41788,303,2,https://www.youtube.com/watch?v=9nXbYZL8V9E,2026-05-10 11:44
キーワード検索,エンタメ,クビの真相は？【GOKKO】【ごっこ倶楽部】【企業研究】【エンタメ業界】【IT業界】【映画】【ドラマ】【シネマ】【メイキング】【Making】【新卒】【中途採用】【転職】【社員紹介】【企業PV】,ごっこ倶楽部のウラ垢 - STUDIO GOKKO -,12780671,170594,2436,3,https://www.youtube.com/watch?v=i5TSvrhVH94,2026-05-10 11:44
キーワード検索,エンタメ,狩野英孝のマイクラ実況が面白いwww#エンタメ #マイクラ #狩野英孝,はるえもん,11678507,185216,534,4,https://www.youtube.com/watch?v=21eblauBPy8,2026-05-10 11:44
キーワード検索,エンタメ,ネプリーグ放送事故w #おもしろ #面白い #テレビ #エンタメ #お笑い #芸人 #バズれ #shorts,やっさん2,11440978,131964,1546,5,https://www.youtube.com/watch?v=fGaa5iluMIQ,2026-05-10 11:44
キーワード検索,エンタメ,入れないと蝶野に制裁ビンタされる⁉️ #エンタメ #ガキ使 #ダウンタウン#方正,はるえもん,10516216,97704,501,6,https://www.youtube.com/watch?v=Mr8II4SLhaI,2026-05-10 11:44
キーワード検索,エンタメ,大根だけってどんな味なんだろう？ #面白い #おもしろ #エンタメ #お笑い #お笑い芸人 #テレビ #バズれ #shorts,やっさん2,8886380,87130,512,7,https://www.youtube.com/watch?v=40nqUvs_tfE,2026-05-10 11:44
キーワード検索,エンタメ,【ヤジマリー。&西村マネ】強盗エンターテイメント#神速49秒 #お笑い #マネージャー #コラボ #コント #漫才 #まいにち賞レース #おすすめバラエティ #shorts,動画、はじめてみました【テレビ朝日公式】,8672160,122147,422,8,https://www.youtube.com/watch?v=3OxSSHJdOw8,2026-05-10 11:44
キーワード検索,エンタメ,なんか気まずいなw #面白い #おもしろ #エンタメ #お笑い #芸人 #バズれ #shorts,やっさん2,8478435,54704,230,9,https://www.youtube.com/watch?v=qWJ3sGP9SJ8,2026-05-10 11:44
キーワード検索,エンタメ,【エンタメ革命】予測不能ナルシズム！！第一回 ないとークイズ！！！！【おるたなchannel】,東海オンエア,7852779,108721,5605,10,https://www.youtube.com/watch?v=IpOUClDNbrw,2026-05-10 11:44
キーワード検索,ゲーム,たくさん食べてすくすく育つ！【MOD紹介】,ウッドリィ,24658981,377468,1286,1,https://www.youtube.com/watch?v=DuEKgK2B2p8,2026-05-10 11:44
キーワード検索,ゲーム,感動のダブルスイカ‼️ #スイカゲーム #ゲーム実況 #サワヤンゲームズ,にこみチャンネル,20444551,362619,2186,2,https://www.youtube.com/watch?v=mhCy0IgobIw,2026-05-10 11:44
キーワード検索,ゲーム,全部ひっかかる人【しょぼんのアクション3D】 #ゲーム実況,タン,19793546,389864,419,3,https://www.youtube.com/watch?v=XGbduoPa_-0,2026-05-10 11:44
キーワード検索,ゲーム,ロシア人を質問責めしたら反応がカワイイwwwww【Liar’s Bar/ライアーズバー/ゲーム実況】#shorts,ゼロ / ZERO,18635036,547146,772,4,https://www.youtube.com/watch?v=k3pCB0OwN10,2026-05-10 11:44
キーワード検索,ゲーム,見たことの無い落ち方をする配信者#葉 #ゲーム実況 #切り抜き #onlyup,葉ちゅべ,18295035,347870,1380,5,https://www.youtube.com/watch?v=0cjKg-Z3xak,2026-05-10 11:44
キーワード検索,ゲーム,デビルレベルpart9 #switch2 #ゲーム実況 #shorts,ぐりげんの南極第二拠点,16593846,195557,498,6,https://www.youtube.com/watch?v=1JT-CjiNVok,2026-05-10 11:44
キーワード検索,ゲーム,超怖いバケモノが襲ってくるロブロックス😱😱【 総集編 】【 ホラーオービーまとめ① 】【 ROBLOX / ロブロックス 】【ゲーム実況】,ちろぴの,13253537,96330,1922,7,https://www.youtube.com/watch?v=T1P7oJPkQWY,2026-05-10 11:44
キーワード検索,ゲーム,しょぼんにブチ切れる配信者www#葉 #切り抜き #しょぼんのアクション #ゲーム実況,葉ちゅべ,11490824,358412,1025,8,https://www.youtube.com/watch?v=EudwrmCNddQ,2026-05-10 11:44
キーワード検索,ゲーム,世界中で大流行している化け物ホラーゲーム『 Poppy Playtime 』,キヨ。,11206891,124158,5705,9,https://www.youtube.com/watch?v=5NBuIEk3XT0,2026-05-10 11:44
キーワード検索,ゲーム,雑なプレイは信頼の証 #shorts #chainedtogether #vtuber #ゲーム実況,P-Pチャンネル,10738650,207140,418,10,https://www.youtube.com/watch?v=d_bmJ8bVKrs,2026-05-10 11:44
キーワード検索,アニメ,カプセルくるくるお皿でポン！たのしい回転ずしDX #アニメキッズ,アニメキッズanimekids,44203775,0,0,1,https://www.youtube.com/watch?v=ew4ig9E5gaQ,2026-05-10 11:44
キーワード検索,アニメ,2017 乗り物 人気動画まとめ★赤ちゃん・子供向けアニメ★はたらくくるま いっぱい！赤ちゃんが喜ぶ動画★Vehicle animation for kids,ノッカーナアニメーション nokkana animation,41172445,36346,0,2,https://www.youtube.com/watch?v=9AIwtVPWzAE,2026-05-10 11:44
キーワード検索,アニメ,TVアニメ『呪術廻戦』第3期「死滅回游 前編」ノンクレジットOPムービー／OPテーマ：King Gnu「AIZO」｜毎週木曜深夜0時26分（24時26分）～MBS/TBS系28局にて放送中!!,TOHO animation チャンネル,33185038,506841,0,3,https://www.youtube.com/watch?v=Xr032EhUDPw,2026-05-10 11:44
キーワード検索,アニメ,『SPY×FAMILY』第2クールオープニング主題歌アニメ映像(ノンクレジット)／“SPY x FAMILY” part2  Opening theme song animation,TOHO animation チャンネル,30335360,0,0,4,https://www.youtube.com/watch?v=YOIJOJsUkUg,2026-05-10 11:44
キーワード検索,アニメ,EGOIST『咲かせや咲かせ』Original Movie（劇場中編アニメ－ション『甲鉄城のカバネリ 海門決戦』主題歌）,EGOIST Official YouTube Channel,23763895,124956,2408,5,https://www.youtube.com/watch?v=dN020llYLQU,2026-05-10 11:44
キーワード検索,アニメ,久保田早紀「異邦人」アニメーション・ミュージックビデオ,MUSIC Liverary,23048549,64767,1553,6,https://www.youtube.com/watch?v=5raK_iAFrn8,2026-05-10 11:44
キーワード検索,アニメ,"TVアニメ『うる星やつら』ノンクレジットOP 【MAISONdes「アイウエ feat. 美波, SAKURAmoti」】| 毎週木曜日24時55分からフジテレビ""ノイタミナ""ほかにて放送中！",【フジテレビ】アニメ公式チャンネル,22516728,288177,7500,7,https://www.youtube.com/watch?v=pEVhv4eB8Q8,2026-05-10 11:44
キーワード検索,アニメ,【Official MV】ray 超かぐや姫！Version / かぐや (cv.夏吉ゆうこ)、月見ヤチヨ (cv.早見沙織) from #超かぐや姫 ！,『超かぐや姫 ! 』公式,18602237,368114,13641,8,https://www.youtube.com/watch?v=356MRZ6P5h0,2026-05-10 11:44
キーワード検索,アニメ,＜主題歌 映像フル＞TVアニメ「ONE PIECE」／「最高到達点」歌：SEKAI NO OWARI,ONE PIECE公式YouTubeチャンネル,17746753,245535,9599,9,https://www.youtube.com/watch?v=yu-0eh9jdZg,2026-05-10 11:44
キーワード検索,アニメ,男子が女子に冷める瞬間をアニメ化してみた！【混血のカレコレコラボ】 #shorts,ボンボンTV,14474397,281631,8481,10,https://www.youtube.com/watch?v=ffULivb6VNM,2026-05-10 11:44
キーワード検索,映画,歌舞伎町タワーの日本一高い映画館「109シネマズプレミアム新宿」を正直レビュー！,正直レビュー 🍰🍛,6788300,119396,786,1,https://www.youtube.com/watch?v=2a1YM7MCXng,2026-05-10 11:44
キーワード検索,映画,市川團十郎が語る映画「国宝」の率直な感想と歌舞伎への想い,KABUKU. / 市川團十郎。,3484199,45009,1300,2,https://www.youtube.com/watch?v=OhHzzl4Z6qU,2026-05-10 11:44
キーワード検索,映画,名作映画を見た感想を嘘ついてる奴は誰だ！映画人狼バトル開始！,東海オンエア,3300044,29718,1192,3,https://www.youtube.com/watch?v=KWYewgdSAOI,2026-05-10 11:44
キーワード検索,映画,ディズニー１００周年のゴミ『ウィッシュ』レビュー,ホッカイロレン,3253154,43100,6853,4,https://www.youtube.com/watch?v=HQDUEU-Zhyc,2026-05-10 11:44
キーワード検索,映画,【2ch有益スレ】今まで見た映画の中で「一番最悪だった映画」挙げてけｗ,2ch有益プラネット【ゆっくり解説】,2940147,35160,6229,5,https://www.youtube.com/watch?v=J4JTp1tNrkk,2026-05-10 11:44
キーワード検索,映画,Netflix公開直後「23か国で1位＆2600万ビュー」  史上最狂のどんでん返しに息もできないスリラー【映画紹介】,映画一口,2456785,8767,206,6,https://www.youtube.com/watch?v=TXYFkQj8-C8,2026-05-10 11:44
キーワード検索,映画,【フェミ雪姫】雪が解ける勢いで大炎上してるディズニーの最新作『白雪姫』,ホッカイロレン,2078519,27220,4532,7,https://www.youtube.com/watch?v=97rJa1tG_G8,2026-05-10 11:44
キーワード検索,映画,【マリオ酷評】映画評論家が大絶賛した作品を観た結果www『TAR／ター』,ホッカイロレン,1881327,25153,3334,8,https://www.youtube.com/watch?v=wn1i-N_OxGI,2026-05-10 11:44
キーワード検索,映画,高齢者が無視されている生理的ニーズ。65歳の老人は生活のため、公園で立ちんぼをせざるを得なかった──『バッカス・レディ』,猫の映画レビュー,1542136,5582,381,9,https://www.youtube.com/watch?v=9RMui4rQWz8,2026-05-10 11:44
キーワード検索,映画,【クソ映画5連発】トランスフォーマーのパチモン全部レビューする！！,ホッカイロレン,1517213,17226,1319,10,https://www.youtube.com/watch?v=1e9Q-Q199sQ,2026-05-10 11:44
急上昇動画,総合,aespa 에스파 'WDA (Whole Different Animal) (Feat. G-DRAGON)' MV,SMTOWN,769213,143398,11055,3:09,2026-05-11 18:00,1,https://www.youtube.com/watch?v=iTJSbJtS8MU,2026-05-11 11:33
急上昇動画,総合,自由な住民たちの生活を見守る神ゲー『 トモダチコレクション わくわく生活 』～大恋愛～,キヨ。,1131553,44791,3635,1:17:28,2026-05-10 18:00,2,https://www.youtube.com/watch?v=y__j0ezIAL8,2026-05-11 11:33
急上昇動画,総合,BOYNEXTDOOR (보이넥스트도어) '똑똑똑' Official MV,HYBE LABELS,1634368,141747,12549,2:47,2026-05-10 23:59,3,https://www.youtube.com/watch?v=WxGWMI2B7r8,2026-05-11 11:33
急上昇動画,総合,#002 『ドラゴンクエストスマッシュグロウ』の新情報を「マル」がお届け！「スマグロ マル秘 レポート」,ドラゴンクエストスマッシュグロウ公式,160369,1547,442,3:10,2026-05-11 12:00,4,https://www.youtube.com/watch?v=c8XTo0eM0p4,2026-05-11 11:33
急上昇動画,総合,NMIXX(엔믹스) “Heavy Serenade” M/V,JYP Entertainment,250583,65368,6480,3:32,2026-05-11 18:00,5,https://www.youtube.com/watch?v=6Ycn9qZK09I,2026-05-11 11:33
急上昇動画,総合,【検証】初心者が1日中スプラのランクに潜り続けたらどれぐらい上手くなるのか？【スプラ6日目】,GON,135839,4460,649,55:57,2026-05-11 12:01,6,https://www.youtube.com/watch?v=xv1V-txlOX0,2026-05-11 11:33
急上昇動画,総合,ガチ夢中！,chotokkyu - Topic,60722,4939,269,3:49,2026-05-10 19:04,7,https://www.youtube.com/watch?v=FH1cgh2l9fw,2026-05-11 11:33
急上昇動画,総合,「CAPCOM Pro Tour 2026ワールドウォリアー」日本大会 #1 ゲスト：なるお,Capcom Fighters JP,778565,6375,100,4:55:43,2026-05-10 21:23,8,https://www.youtube.com/watch?v=_-ROB6fS1pI,2026-05-11 11:33
急上昇動画,総合,DEKOBOKO LIFE,Ae! group - Topic,34363,2629,0,3:33,2026-05-11 00:02,9,https://www.youtube.com/watch?v=Y4djumeBdOs,2026-05-11 11:33
急上昇動画,総合,加藤純一のトモダチコレクション わくわく生活ダイジェスト【2026/05/10】,加藤純一ロードショー,44269,1769,344,1:20:16,2026-05-11 17:45,10,https://www.youtube.com/watch?v=BG510OGm8iw,2026-05-11 11:33
急上昇動画,総合,Nemurihime (Happy Ending Version),SEKAI NO OWARI - Topic,60360,4369,172,5:31,2026-05-10 19:00,11,https://www.youtube.com/watch?v=QqbKdtSFpiA,2026-05-11 11:33
急上昇動画,総合,美食家が求める食べ物すべて集めるまで帰れません！【マイクラ】,ドズル社,78650,4499,153,34:49,2026-05-11 18:15,12,https://www.youtube.com/watch?v=bdW3ZFNTEqQ,2026-05-11 11:33
急上昇動画,総合,【Ado】春に舞う -『今日、好きになりました。』ver.,Ado,454982,35595,1836,3:18,2026-05-10 16:00,13,https://www.youtube.com/watch?v=NCGL-YdhNCA,2026-05-11 11:33
急上昇動画,総合,100億円使っておかんにイタズラしてみた！【まいくら / マインクラフト】,あかさかの箱,51625,3249,215,18:03,2026-05-11 16:20,14,https://www.youtube.com/watch?v=S3ieXsauaJ8,2026-05-11 11:33
急上昇動画,総合,Scapegoat (feat. ロス),Azari - Topic,26891,970,13,1:58,2026-05-03 19:00,15,https://www.youtube.com/watch?v=Agh_yQ-O-Eg,2026-05-11 11:33
急上昇動画,総合,モラハラ女教師を特技で黙らせる布団ちゃん【おしゃべりキング】【2026/5/10】,布団ちゃん切り抜きMAX,225038,4168,664,20:01,2026-05-11 00:44,16,https://www.youtube.com/watch?v=yuX56qtLSew,2026-05-11 11:33
急上昇動画,総合,Replace to be - VACHSS Music Video,夢追翔のJUKE BOX,947104,78149,2892,4:05,2026-05-08 20:00,17,https://www.youtube.com/watch?v=7qGbqQTn6og,2026-05-11 11:33
急上昇動画,総合,超激レアなスライムを引き当てるロブロックス.. (Roblox),マエスケ,61972,2763,411,15:42,2026-05-11 18:21,18,https://www.youtube.com/watch?v=IssdiCu8nWg,2026-05-11 11:33
急上昇動画,総合,【期間限定公開】THE YELLOW MONKEY SUPER JAPAN TOUR 2016 - SAITAMA SUPER ARENA 2016.7.10 -,THE YELLOW MONKEY,22372,2823,162,2:45:10,2026-05-11 12:00,19,https://www.youtube.com/watch?v=0vASeZvhv-A,2026-05-11 11:33
急上昇動画,総合,リーサル探してたらプラチナのリスナーに先を越されガチめに不機嫌になるカワノ【スト6】,カワノKawano,60380,1609,149,17:46,2026-05-11 15:56,20,https://www.youtube.com/watch?v=lHuas-pVIOg,2026-05-11 11:33
キーワード検索,エンタメ,いや勝つんかいw　 #おもしろ #エンタメ #ネタ #バズれ #shorts,やっさん2,19138895,158094,560,0:10,2025-08-09 19:15,1,https://www.youtube.com/watch?v=fBQOV3jiST0,2026-05-11 11:33
キーワード検索,エンタメ,無反応挑戦　w#おもしろ＃おもしろ動画＃エンタメ#お笑い#バラエティ#テレビ#バズれ #shorts,ネタ秒,14609564,41787,303,0:17,2025-09-26 00:29,2,https://www.youtube.com/watch?v=9nXbYZL8V9E,2026-05-11 11:33
キーワード検索,エンタメ,クビの真相は？【GOKKO】【ごっこ倶楽部】【企業研究】【エンタメ業界】【IT業界】【映画】【ドラマ】【シネマ】【メイキング】【Making】【新卒】【中途採用】【転職】【社員紹介】【企業PV】,ごっこ倶楽部のウラ垢 - STUDIO GOKKO -,12780690,170590,2436,1:28,2025-04-14 18:01,3,https://www.youtube.com/watch?v=i5TSvrhVH94,2026-05-11 11:33
キーワード検索,エンタメ,狩野英孝のマイクラ実況が面白いwww#エンタメ #マイクラ #狩野英孝,はるえもん,11679616,185225,534,1:33,2025-07-05 18:50,4,https://www.youtube.com/watch?v=21eblauBPy8,2026-05-11 11:33
キーワード検索,エンタメ,ネプリーグ放送事故w #おもしろ #面白い #テレビ #エンタメ #お笑い #芸人 #バズれ #shorts,やっさん2,11443503,131990,1547,0:18,2025-11-01 21:10,5,https://www.youtube.com/watch?v=fGaa5iluMIQ,2026-05-11 11:33
キーワード検索,エンタメ,入れないと蝶野に制裁ビンタされる⁉️ #エンタメ #ガキ使 #ダウンタウン#方正,はるえもん,10516728,97711,502,0:57,2025-10-17 19:00,6,https://www.youtube.com/watch?v=Mr8II4SLhaI,2026-05-11 11:33
キーワード検索,エンタメ,大根だけってどんな味なんだろう？ #面白い #おもしろ #エンタメ #お笑い #お笑い芸人 #テレビ #バズれ #shorts,やっさん2,8886439,87130,512,0:33,2025-11-05 18:54,7,https://www.youtube.com/watch?v=40nqUvs_tfE,2026-05-11 11:33
キーワード検索,エンタメ,【ヤジマリー。&西村マネ】強盗エンターテイメント#神速49秒 #お笑い #マネージャー #コラボ #コント #漫才 #まいにち賞レース #おすすめバラエティ #shorts,動画、はじめてみました【テレビ朝日公式】,8673034,122153,422,0:53,2025-01-31 07:00,8,https://www.youtube.com/watch?v=3OxSSHJdOw8,2026-05-11 11:33
キーワード検索,エンタメ,なんか気まずいなw #面白い #おもしろ #エンタメ #お笑い #芸人 #バズれ #shorts,やっさん2,8478464,54702,230,0:27,2025-12-01 18:57,9,https://www.youtube.com/watch?v=qWJ3sGP9SJ8,2026-05-11 11:33
キーワード検索,エンタメ,【エンタメ革命】予測不能ナルシズム！！第一回 ないとークイズ！！！！【おるたなchannel】,東海オンエア,7853356,108726,5604,16:28,2021-06-26 21:00,10,https://www.youtube.com/watch?v=IpOUClDNbrw,2026-05-11 11:33
キーワード検索,ゲーム,たくさん食べてすくすく育つ！【MOD紹介】,ウッドリィ,24681800,377623,1287,0:37,2024-09-30 07:00,1,https://www.youtube.com/watch?v=DuEKgK2B2p8,2026-05-11 11:33
キーワード検索,ゲーム,感動のダブルスイカ‼️ #スイカゲーム #ゲーム実況 #サワヤンゲームズ,にこみチャンネル,20444670,362613,2186,0:59,2023-12-22 17:00,2,https://www.youtube.com/watch?v=mhCy0IgobIw,2026-05-11 11:33
キーワード検索,ゲーム,全部ひっかかる人【しょぼんのアクション3D】 #ゲーム実況,タン,19793973,389858,419,1:00,2023-09-28 18:30,3,https://www.youtube.com/watch?v=XGbduoPa_-0,2026-05-11 11:33
キーワード検索,ゲーム,ロシア人を質問責めしたら反応がカワイイwwwww【Liar’s Bar/ライアーズバー/ゲーム実況】#shorts,ゼロ / ZERO,18635274,547139,772,0:44,2024-12-11 19:00,4,https://www.youtube.com/watch?v=k3pCB0OwN10,2026-05-11 11:33
キーワード検索,ゲーム,デビルレベルpart9 #switch2 #ゲーム実況 #shorts,ぐりげんの南極第二拠点,16593969,195541,498,1:02,2025-08-18 16:57,5,https://www.youtube.com/watch?v=1JT-CjiNVok,2026-05-11 11:33
キーワード検索,ゲーム,超怖いバケモノが襲ってくるロブロックス😱😱【 総集編 】【 ホラーオービーまとめ① 】【 ROBLOX / ロブロックス 】【ゲーム実況】,ちろぴの,13256189,96353,1922,1:00:03,2022-03-22 16:00,6,https://www.youtube.com/watch?v=T1P7oJPkQWY,2026-05-11 11:33
キーワード検索,ゲーム,絶対に風邪を引きたいマッチョ #shorts,ドズル社,11499587,149233,503,0:24,2024-03-30 15:00,7,https://www.youtube.com/watch?v=CraZ3Q-I44g,2026-05-11 11:33
キーワード検索,ゲーム,しょぼんにブチ切れる配信者www#葉 #切り抜き #しょぼんのアクション #ゲーム実況,葉ちゅべ,11492969,358460,1025,0:55,2023-05-20 18:17,8,https://www.youtube.com/watch?v=EudwrmCNddQ,2026-05-11 11:33
キーワード検索,ゲーム,世界中で大流行している化け物ホラーゲーム『 Poppy Playtime 』,キヨ。,11209557,124195,5705,44:54,2021-12-10 18:36,9,https://www.youtube.com/watch?v=5NBuIEk3XT0,2026-05-11 11:33
キーワード検索,ゲーム,雑なプレイは信頼の証 #shorts #chainedtogether #vtuber #ゲーム実況,P-Pチャンネル,10738959,207136,418,0:56,2024-08-02 18:37,10,https://www.youtube.com/watch?v=d_bmJ8bVKrs,2026-05-11 11:33
キーワード検索,アニメ,TVアニメ『呪術廻戦』第2期「懐玉・玉折」ノンクレジットOPムービー／OPテーマ：キタニタツヤ「青のすみか」｜毎週木曜夜11時56分～MBS/TBS系列全国28局にて放送中!!,TOHO animation チャンネル,139291593,0,0,1:31,2023-07-07 00:23,1,https://www.youtube.com/watch?v=gcgKUcJKxIs,2026-05-11 11:33
キーワード検索,アニメ,カプセルくるくるお皿でポン！たのしい回転ずしDX #アニメキッズ,アニメキッズanimekids,44207747,0,0,12:11,2017-11-13 17:00,2,https://www.youtube.com/watch?v=ew4ig9E5gaQ,2026-05-11 11:33
キーワード検索,アニメ,アイナ・ジ・エンド / 革命道中 - On The Way × TVアニメ『ダンダダン』 [Collaboration Music Video],アイナ・ジ・エンド Official,42054911,183390,1598,3:22,2025-08-20 20:00,3,https://www.youtube.com/watch?v=ScWlFcYn_FI,2026-05-11 11:33
キーワード検索,アニメ,TVアニメ『呪術廻戦』第3期「死滅回游 前編」ノンクレジットOPムービー／OPテーマ：King Gnu「AIZO」｜毎週木曜深夜0時26分（24時26分）～MBS/TBS系28局にて放送中!!,TOHO animation チャンネル,33282159,507449,0,1:31,2026-01-09 00:31,4,https://www.youtube.com/watch?v=Xr032EhUDPw,2026-05-11 11:33
キーワード検索,アニメ,『SPY×FAMILY』第2クールオープニング主題歌アニメ映像(ノンクレジット)／“SPY x FAMILY” part2  Opening theme song animation,TOHO animation チャンネル,30349863,0,0,1:31,2022-09-28 20:00,5,https://www.youtube.com/watch?v=YOIJOJsUkUg,2026-05-11 11:33
キーワード検索,アニメ,EGOIST『咲かせや咲かせ』Original Movie（劇場中編アニメ－ション『甲鉄城のカバネリ 海門決戦』主題歌）,EGOIST Official YouTube Channel,23775691,125011,2411,3:21,2021-12-26 22:00,6,https://www.youtube.com/watch?v=dN020llYLQU,2026-05-11 11:33
キーワード検索,アニメ,"TVアニメ『うる星やつら』ノンクレジットOP 【MAISONdes「アイウエ feat. 美波, SAKURAmoti」】| 毎週木曜日24時55分からフジテレビ""ノイタミナ""ほかにて放送中！",【フジテレビ】アニメ公式チャンネル,22520335,288190,7501,1:39,2022-10-14 02:15,7,https://www.youtube.com/watch?v=pEVhv4eB8Q8,2026-05-11 11:33
キーワード検索,アニメ,反応が早くてよかったです#kaguyasama #anime #tvshow #youtubeshorts #shorts,Dyll,17833879,263496,775,1:00,2025-09-16 18:01,8,https://www.youtube.com/watch?v=mrhnAZRAB9g,2026-05-11 11:33
キーワード検索,アニメ,サカナクション「怪獣」×アニメ『チ。 ―地球の運動について―』コラボレーションMUSIC VIDEO,サカナクション sakanaction,11652578,208776,0,4:10,2025-02-20 18:00,9,https://www.youtube.com/watch?v=UexbDmxHW0U,2026-05-11 11:33
キーワード検索,アニメ,体調のよくないお友達を治してあげよう！#アニメキッズ,アニメキッズanimekids,9496421,0,0,1:00:30,2022-03-03 07:00,10,https://www.youtube.com/watch?v=fI_--m4tyU4,2026-05-11 11:33
キーワード検索,映画,歌舞伎町タワーの日本一高い映画館「109シネマズプレミアム新宿」を正直レビュー！,正直レビュー 🍰🍛,6788713,119397,786,1:00,2025-03-15 10:00,1,https://www.youtube.com/watch?v=2a1YM7MCXng,2026-05-11 11:33
キーワード検索,映画,市川團十郎が語る映画「国宝」の率直な感想と歌舞伎への想い,KABUKU. / 市川團十郎。,3484560,45011,1300,17:48,2025-07-12 19:00,2,https://www.youtube.com/watch?v=OhHzzl4Z6qU,2026-05-11 11:33
キーワード検索,映画,名作映画を見た感想を嘘ついてる奴は誰だ！映画人狼バトル開始！,東海オンエア,3303946,29728,1193,34:45,2024-09-26 21:00,3,https://www.youtube.com/watch?v=KWYewgdSAOI,2026-05-11 11:33
キーワード検索,映画,ディズニー１００周年のゴミ『ウィッシュ』レビュー,ホッカイロレン,3254170,43104,6854,12:56,2023-12-19 19:45,4,https://www.youtube.com/watch?v=HQDUEU-Zhyc,2026-05-11 11:33
キーワード検索,映画,【2ch有益スレ】今まで見た映画の中で「一番最悪だった映画」挙げてけｗ,2ch有益プラネット【ゆっくり解説】,2942219,35178,6230,0:59,2023-10-19 18:00,5,https://www.youtube.com/watch?v=J4JTp1tNrkk,2026-05-11 11:33
キーワード検索,映画,Netflix公開直後「23か国で1位＆2600万ビュー」  史上最狂のどんでん返しに息もできないスリラー【映画紹介】,映画一口,2464614,8800,206,16:36,2025-09-16 19:00,6,https://www.youtube.com/watch?v=TXYFkQj8-C8,2026-05-11 11:33
キーワード検索,映画,【フェミ雪姫】雪が解ける勢いで大炎上してるディズニーの最新作『白雪姫』,ホッカイロレン,2079728,27223,4532,15:48,2025-03-27 19:53,7,https://www.youtube.com/watch?v=97rJa1tG_G8,2026-05-11 11:33
キーワード検索,映画,【マリオ酷評】映画評論家が大絶賛した作品を観た結果www『TAR／ター』,ホッカイロレン,1882176,25161,3335,11:59,2023-11-13 19:40,8,https://www.youtube.com/watch?v=wn1i-N_OxGI,2026-05-11 11:33
キーワード検索,映画,高齢者が無視されている生理的ニーズ。65歳の老人は生活のため、公園で立ちんぼをせざるを得なかった──『バッカス・レディ』,猫の映画レビュー,1549137,5596,382,18:45,2026-02-07 17:30,9,https://www.youtube.com/watch?v=9RMui4rQWz8,2026-05-11 11:33
キーワード検索,映画,【クソ映画5連発】トランスフォーマーのパチモン全部レビューする！！,ホッカイロレン,1517810,17227,1319,21:00,2023-08-03 21:00,10,https://www.youtube.com/watch?v=1e9Q-Q199sQ,2026-05-11 11:33
